CREATE DATABASE ORG;
USE ORG;
CREATE TABLE Worker (
	WORKER_ID INT NOT NULL PRIMARY KEY AUTO_INCREMENT,
	FIRST_NAME CHAR(25),
	LAST_NAME CHAR(25),
	SALARY INT(15),
	JOINING_DATE DATETIME,
	DEPARTMENT CHAR(25)
);

INSERT INTO Worker 
	(WORKER_ID, FIRST_NAME, LAST_NAME, SALARY, JOINING_DATE, DEPARTMENT) VALUES
		(001, 'Monika', 'Arora', 100000, '14-02-20 09.00.00', 'HR'),
		(002, 'Niharika', 'Verma', 80000, '14-06-11 09.00.00', 'Admin'),
		(003, 'Vishal', 'Singhal', 300000, '14-02-20 09.00.00', 'HR'),
		(004, 'Amitabh', 'Singh', 500000, '14-02-20 09.00.00', 'Admin'),
		(005, 'Vivek', 'Bhati', 500000, '14-06-11 09.00.00', 'Admin'),
		(006, 'Vipul', 'Diwan', 200000, '14-06-11 09.00.00', 'Account'),
		(007, 'Satish', 'Kumar', 75000, '14-01-20 09.00.00', 'Account'),
		(008, 'Geetika', 'Chauhan', 90000, '14-04-11 09.00.00', 'Admin');

CREATE TABLE Bonus (
	WORKER_REF_ID INT,
	BONUS_AMOUNT INT(10),
	BONUS_DATE DATETIME,
	FOREIGN KEY (WORKER_REF_ID)
		REFERENCES Worker(WORKER_ID)
        ON DELETE CASCADE
);

INSERT INTO Bonus 
	(WORKER_REF_ID, BONUS_AMOUNT, BONUS_DATE) VALUES
		(001, 5000, '16-02-20'),
		(002, 3000, '16-06-11'),
		(003, 4000, '16-02-20'),
		(001, 4500, '16-02-20'),
		(002, 3500, '16-06-11');
CREATE TABLE Title (
	WORKER_REF_ID INT,
	WORKER_TITLE CHAR(25),
	AFFECTED_FROM DATETIME,
	FOREIGN KEY (WORKER_REF_ID)
		REFERENCES Worker(WORKER_ID)
        ON DELETE CASCADE
);

INSERT INTO Title 
	(WORKER_REF_ID, WORKER_TITLE, AFFECTED_FROM) VALUES
 (001, 'Manager', '2016-02-20 00:00:00'),
 (002, 'Executive', '2016-06-11 00:00:00'),
 (008, 'Executive', '2016-06-11 00:00:00'),
 (005, 'Manager', '2016-06-11 00:00:00'),
 (004, 'Asst. Manager', '2016-06-11 00:00:00'),
 (007, 'Executive', '2016-06-11 00:00:00'),
 (006, 'Lead', '2016-06-11 00:00:00'),
 (003, 'Lead', '2016-06-11 00:00:00');
 
 
-- 1. Write an SQL query to print all Worker details from the Worker table order by FIRST_NAME Ascending.
SELECT * FROM worker ORDER BY FIRST_NAME ASC;
-- 2. Write an SQL query to print all Worker details from the Worker table order by FIRST_NAME Ascending and DEPARTMENT Descending.
SELECT * FROM Worker ORDER BY FIRST_NAME ASC, DEPARTMENT DESC;
-- 3.Write an SQL query to print details of workers excluding first names, “Vipul” and “Satish” from Worker table.
SELECT * FROM Worker WHERE FIRST_NAME NOT IN ('Vipul', 'Satish');
-- 4. Write an SQL query to print details of the Workers whose FIRST_NAME ends with ‘h’ and contains six alphabets.
SELECT * FROM Worker WHERE FIRST_NAME LIKE '_____h';  
-- 5. Write an SQL query to fetch the count of employees working in the department ‘Admin’.
SELECT COUNT(*) AS Admin_Worker_Count FROM Worker WHERE DEPARTMENT = 'Admin';
-- 6.Write an SQL query to fetch worker names with salaries >= 50000 and <= 100000.
select FIRST_NAME, LAST_NAME, SALARY FROM Worker where SALARY BETWEEN 50000 AND 100000;
select FIRST_NAME, LAST_NAME, SALARY FROM Worker where SALARY<=100000 and SALARY>=50000;
-- 7.Write an SQL query to fetch the no. of workers for each department in the descending order.
select DEPARTMENT, COUNT(*) AS Worker_Count FROM Worker GROUP BY DEPARTMENT ORDER BY Worker_Count DESC;
-- 8.Write an SQL query to determine the 5th highest salary without using TOP or limit method.
select distinct salary from worker w1 where 4 = (select count(distinct salary) from worker w2 where w2.salary>w1.salary);
-- 9.Write an SQL query to fetch the list of employees with the same salary.
select * from worker where salary in (select salary from worker group by salary having count(*)>=2);
-- 10. Write an SQL query to fetch the departments that have less than three people in it.
select department from worker group by department having count(*)>3;
select department,count(*) as dept_count from worker group by department having count(*)<3;